<?xml version="1.0" encoding="UTF-8"?>
<feature
      id="nu.psnet.quickimage"
      label="QuickImage"
      version="1.0.3.2"
      provider-name="psnet.nu">

   <description url="http://www.psnet.nu/eclipse">
      The QuickImage plugin provides an eclipse-editor for viewing images. 
You can browse images one by one, or all as thumbnails. Use the 
toolbar to navigate or by single- or double-clicking the images. 
By default QuickImage associates its editor with .gif .jpg .jpeg .png .bmp .ico
   </description>

   <copyright url="http://www.psnet.nu/eclipse">
      Copyright (c) 2004-2008, Per Salomonsson
   </copyright>

   <license url="http://www.opensource.org/licenses/cpl1.0.txt">
      COMMON PUBLIC LICENSE (CPL) v1.0

THE ACCOMPANYING PROGRAM IS PROVIDED UNDER THE TERMS OF THIS COMMON PUBLIC LICENSE (&quot;AGREEMENT&quot;). ANY USE, REPRODUCTION OR DISTRIBUTION OF THE PROGRAM CONSTITUTES RECIPIENT&apos;S ACCEPTANCE OF THIS AGREEMENT.
   </license>

   <requires>
      <import plugin="org.eclipse.ui"/>
      <import plugin="org.eclipse.core.runtime"/>
      <import plugin="org.eclipse.ui.ide"/>
      <import plugin="org.eclipse.core.resources"/>
      <import plugin="org.eclipse.ui.editors"/>
   </requires>

   <plugin
         id="nu.psnet.quickimage"
         download-size="0"
         install-size="0"
         version="1.0.3.2"/>

</feature>
