<?xml version="1.0" encoding="UTF-8"?>
<!--
     Copyright (c) 2005, 2014 IBM Corporation and others.
     All rights reserved. This program and the accompanying materials
     are made available under the terms of the Eclipse Public License v1.0
     which accompanies this distribution, and is available at
     http://www.eclipse.org/legal/epl-v10.html
    
     Contributors:
         IBM Corporation - initial API and implementation
         Uwe Stieber (Wind River) - Bug 434937 - Releng: The Terminal Features have an incorrect license 
 -->
<feature
      id="org.eclipse.tm.terminal.connector.ssh.feature"
      label="%featureName"
      version="4.3.0.201706140544"
      provider-name="%providerName"
      plugin="org.eclipse.tm.terminal.ssh">

   <description>
      %description
   </description>

   <copyright>
      %copyright
   </copyright>

   <license url="%licenseURL">
      %license
   </license>

   <url>
      <update label="%updateSiteName" url="http://download.eclipse.org/tm/terminal/updates/4.3"/>
   </url>

   <requires>
      <import plugin="org.eclipse.tm.terminal.control" version="4.0.0" match="greaterOrEqual"/>
      <import plugin="com.jcraft.jsch" version="0.1.31" match="compatible"/>
      <import plugin="org.eclipse.jsch.core" version="1.0.0" match="compatible"/>
      <import feature="org.eclipse.tm.terminal.control.feature" version="4.0.0" match="compatible"/>
      <import plugin="org.eclipse.core.expressions" version="3.4.400" match="greaterOrEqual"/>
      <import plugin="org.eclipse.core.runtime" version="3.8.0" match="greaterOrEqual"/>
      <import plugin="org.eclipse.equinox.security" version="1.1.100" match="greaterOrEqual"/>
      <import plugin="org.eclipse.ui" version="3.8.0" match="greaterOrEqual"/>
   </requires>

   <plugin
         id="org.eclipse.tm.terminal.connector.ssh"
         download-size="53"
         install-size="100"
         version="4.2.0.201609191434"
         unpack="false"/>

</feature>
