<?xml version="1.0" encoding="UTF-8"?>
<feature
      id="org.eclipse.tm.terminal.feature"
      label="%featureName"
      version="4.3.0.201706140544"
      provider-name="%providerName"
      plugin="org.eclipse.tm.terminal.view.core">

   <description>
      %description
   </description>

   <copyright>
      %copyright
   </copyright>

   <license url="%licenseURL">
      %license
   </license>

   <url>
      <update label="%updateSiteName" url="http://download.eclipse.org/tm/terminal/updates/4.3"/>
   </url>

   <requires>
      <import feature="org.eclipse.tm.terminal.connector.local.feature" version="4.3.0" match="greaterOrEqual"/>
      <import feature="org.eclipse.tm.terminal.connector.ssh.feature" version="4.3.0" match="greaterOrEqual"/>
      <import feature="org.eclipse.tm.terminal.connector.telnet.feature" version="4.3.0" match="greaterOrEqual"/>
      <import feature="org.eclipse.tm.terminal.control.feature" version="4.3.0" match="greaterOrEqual"/>
      <import feature="org.eclipse.tm.terminal.view.feature" version="4.3.0" match="greaterOrEqual"/>
   </requires>

</feature>
