<?xml version="1.0" encoding="UTF-8"?>
<feature
      id="org.eclipse.tm.terminal.view.rse.sdk.feature"
      label="%featureName"
      version="4.3.0.201706140544"
      provider-name="%providerName">

   <description>
      %description
   </description>

   <copyright>
      %copyright
   </copyright>

   <license url="%licenseURL">
      %license
   </license>

   <url>
      <update label="%updateSiteName" url="http://download.eclipse.org/tm/terminal/updates/4.3"/>
   </url>

   <includes
         id="org.eclipse.tm.terminal.view.rse.feature"
         version="4.3.0.201706140544"/>

   <requires>
      <import feature="org.eclipse.tm.terminal.view.sdk.feature" version="4.1.0" match="greaterOrEqual"/>
   </requires>

   <plugin
         id="org.eclipse.tm.terminal.view.ui.rse.source"
         download-size="14"
         install-size="23"
         version="4.2.0.201609191434"
         unpack="false"/>

</feature>
