<?xml version="1.0" encoding="UTF-8"?>
<!--
     Copyright (c) 2005 - 2015 IBM Corporation and others.
     All rights reserved. This program and the accompanying materials
     are made available under the terms of the Eclipse Public License v1.0
     which accompanies this distribution, and is available at
     http://www.eclipse.org/legal/epl-v10.html
    
     Contributors:
         IBM Corporation - initial API and implementation
         Uwe Stieber (Wind River) - Bug 434937 - Releng: The Terminal Features have an incorrect license 
 -->
<feature
      id="org.eclipse.tm.terminal.connector.ssh.sdk.feature"
      label="%featureName"
      version="4.3.0.201706140544"
      provider-name="%providerName">

   <description>
      %description
   </description>

   <copyright>
      %copyright
   </copyright>

   <license url="%licenseURL">
      %license
   </license>

   <url>
      <update label="%updateSiteName" url="http://download.eclipse.org/tm/terminal/updates/4.3"/>
   </url>

   <includes
         id="org.eclipse.tm.terminal.connector.ssh.feature"
         version="4.3.0.201706140544"/>

   <requires>
      <import feature="org.eclipse.tm.terminal.control.sdk.feature" version="4.0.0" match="compatible"/>
   </requires>

   <plugin
         id="org.eclipse.tm.terminal.connector.ssh.source"
         download-size="39"
         install-size="102"
         version="4.2.0.201609191434"
         unpack="false"/>

</feature>
