<?xml version="1.0" encoding="UTF-8"?>
<feature
      id="org.eclipse.tm.terminal.sdk.feature"
      label="%featureName"
      version="4.3.0.201706140544"
      provider-name="%providerName">

   <description>
      %description
   </description>

   <copyright>
      %copyright
   </copyright>

   <license url="%licenseURL">
      %license
   </license>

   <url>
      <update label="%updateSiteName" url="http://download.eclipse.org/tm/terminal/updates/4.3"/>
   </url>

   <includes
         id="org.eclipse.tm.terminal.feature"
         version="4.3.0.201706140544"/>
   
   <requires>
      <import feature="org.eclipse.tm.terminal.connector.local.sdk.feature" version="4.3.0" match="greaterOrEqual"/>
      <import feature="org.eclipse.tm.terminal.connector.ssh.sdk.feature" version="4.3.0" match="greaterOrEqual"/>
      <import feature="org.eclipse.tm.terminal.connector.telnet.sdk.feature" version="4.3.0" match="greaterOrEqual"/>
      <import feature="org.eclipse.tm.terminal.control.sdk.feature" version="4.3.0" match="greaterOrEqual"/>
      <import feature="org.eclipse.tm.terminal.view.sdk.feature" version="4.3.0" match="greaterOrEqual"/>
   </requires>

</feature>
