<?xml version="1.0" encoding="UTF-8"?>
<!--
     Copyright (c) 2015, 2017 Wind River Systems, Inc. and others.
     All rights reserved. This program and the accompanying materials
     are made available under the terms of the Eclipse Public License v1.0
     which accompanies this distribution, and is available at
     http://www.eclipse.org/legal/epl-v10.html
    
     Contributors:
         Wind River - initial API and implementation
 -->
<feature
      id="org.eclipse.tm.terminal.connector.local.feature"
      label="%featureName"
      version="4.3.0.201706140544"
      provider-name="%providerName">

   <description>
      %description
   </description>

   <copyright>
      %copyright
   </copyright>

   <license url="%licenseURL">
      %license
   </license>

   <url>
      <update label="%updateSiteName" url="http://download.eclipse.org/tm/terminal/updates/4.3"/>
   </url>

   <requires>
      <import plugin="org.eclipse.core.expressions" version="3.4.400" match="greaterOrEqual"/>
      <import plugin="org.eclipse.core.runtime" version="3.8.0" match="greaterOrEqual"/>
      <import plugin="org.eclipse.core.variables" version="3.2.600" match="greaterOrEqual"/>
      <import plugin="org.eclipse.tm.terminal.connector.process" version="4.0.0" match="greaterOrEqual"/>
      <import plugin="org.eclipse.tm.terminal.control" version="4.0.0" match="greaterOrEqual"/>
      <import plugin="org.eclipse.ui" version="3.8.0" match="greaterOrEqual"/>
      <import feature="org.eclipse.tm.terminal.control.feature" version="4.0.0" match="compatible"/>
   </requires>

   <plugin
         id="org.eclipse.tm.terminal.connector.local"
         download-size="27"
         install-size="52"
         version="4.2.0.201609191434"
         unpack="false"/>

   <plugin
         id="org.eclipse.tm.terminal.connector.process"
         download-size="30"
         install-size="54"
         version="4.2.0.201609191434"
         unpack="false"/>

</feature>
