<?xml version="1.0" encoding="UTF-8"?>
<feature
      id="org.eclipse.tm.terminal.view.sdk.feature"
      label="%featureName"
      version="4.3.0.201706140544"
      provider-name="%providerName">

   <description>
      %description
   </description>

   <copyright>
      %copyright
   </copyright>

   <license url="%licenseURL">
      %license
   </license>

   <url>
      <update label="%updateSiteName" url="http://download.eclipse.org/tm/terminal/updates/4.3"/>
   </url>

   <includes
         id="org.eclipse.tm.terminal.view.feature"
         version="4.3.0.201706140544"/>

   <plugin
         id="org.eclipse.tm.terminal.view.core.source"
         download-size="32"
         install-size="80"
         version="4.2.0.201609191434"
         unpack="false"/>

   <plugin
         id="org.eclipse.tm.terminal.view.ui.source"
         download-size="148"
         install-size="478"
         version="4.3.0.201706130844"
         unpack="false"/>

</feature>
